patient,thing,conc,comments
BF001,15.89,2.5,
BF002,27.72,2.5,
BF003,-16,2.5,
BF004,-351.78,2.5,
BF005x,100,2.5,exclude for 0.1oocyst in SR
BF006,95,2.5,
BF007,-97.73,2.5,
BF008A,37.39,2.5,
BF009A,96.37096774,2.5,
BF012,54.74860335,2.5,
BF001,49.6,15,
BF002,73.4,15,
BF003,72,15,
BF004,-207.5,15,
BF005x,100,15,exclude for 0.1oocyst in SR
BF006,86.36,15,
BF007,-93.18,15,
BF008A,40.84,15,
BF009A,99.19354839,15,
BF012,72.06703911,15,
